Lambda,Accuracy (%),Sparsity (%)
1e-05,46.89,0.02295763367211666
0.0001,47.74,0.1669750699661217
0.001,48.26,3.3349559029312124
